Hugo,m
Daniel,m
Pablo,m
Alejandro,m
Alvaro,m
Adrian,m
David,m
Mario,m
Diego,m
Javier,m
Lucas,m
Nicolas,m
Manuel,m
Marcos,m
Iker,m
Sergio,m
Izan,m
Jorge,m
Carlos,m
Martin,m
Leo,m
Miguel,m
Marc,m
Mateo,m
Alex,m
Gonzalo,m
Antonio,m
Ivan,m
Juan,m
Angel,m
Ruben,m
Victor,m
Hector,m
Samuel,m
Aitor,m
Eric,m
Gabriel,m
Joel,m
Raul,m
Jose,m
Rodrigo,m
Adam,m
Guillermo,m
Dario,m
Jesus,m
Erik,m
Bruno,m
Marco,m
Francisco,m
Aaron,m
Pau,m
Pedro,m
Alberto,m
Jaime,m
Enzo,m
Luis,m
Oliver,m
Asier,m
Rafael,m
Unai,m
Pol,m
Mohamed,m
Oscar,m
Andres,m
Biel,m
Ismael,m
Fernando,m
Arnau,m
Rayan,m
Alonso,m
Marti,m
Gerard,m
Ian,m
Jan,m
Ignacio,m
Miguel Angel,m
Cristian,m
Santiago,m
Gael,m
Nil,m
Joan,m
Thiago,m
Enrique,m
Isaac,m
Saul,m
Jose Antonio,m
Yago,m
Jose Manuel,m
Roberto,m
Eduardo,m
Omar,m
Aleix,m
Luca,m
Oriol,m
Jordi,m
Francisco Javier,m
Ander,m
Jon,m
Yeray,m
Dylan,m
Lucia,f
Maria,f
Paula,f
Daniela,f
Martina,f
Carla,f
Sara,f
Sofia,f
Valeria,f
Julia,f
Alba,f
Claudia,f
Noa,f
Marta,f
Irene,f
Emma,f
Carmen,f
Laura,f
Ana,f
Ainhoa,f
Elena,f
Adriana,f
Valentina,f
Alejandra,f
Ines,f
Aitana,f
Ariadna,f
Leire,f
Ainara,f
Laia,f
Nerea,f
Marina,f
Andrea,f
Carlota,f
Lola,f
Jimena,f
Angela,f
Candela,f
Rocio,f
Blanca,f
Vera,f
Nora,f
Alicia,f
Celia,f
Vega,f
Natalia,f
Clara,f
Leyre,f
Victoria,f
Eva,f
Olivia,f
Isabel,f
Cristina,f
Aina,f
Aroa,f
Nuria,f
Lara,f
Alma,f
Abril,f
Carolina,f
Elsa,f
Mar,f
Mara,f
Gabriela,f
Manuela,f
Zoe,f
Noelia,f
Africa,f
Iria,f
Berta,f
Alexia,f
Erika,f
Helena,f
Miriam,f
Naiara,f
Silvia,f
Aya,f
Salma,f
Naia,f
Nayara,f
Chloe,f
Mireia,f
Paola,f
Ona,f
Sandra,f
Malak,f
Raquel,f
Ane,f
Nahia,f
Jana,f
Diana,f
Patricia,f
Mia,f
Anna,f
Iris,f
Yanira,f
Luna,f
Arlet,f
Nadia,f
Lidia,f
