"Jacob","m"
"Noah","m"
"Mason","m"
"William","m"
"Ethan","m"
"Liam","m"
"Michael","m"
"Alexander","m"
"Jayden","m"
"Daniel","m"
"Aiden","m"
"James","m"
"Elijah","m"
"Matthew","m"
"Benjamin","m"
"Logan","m"
"Anthony","m"
"David","m"
"Joseph","m"
"Joshua","m"
"Jackson","m"
"Andrew","m"
"Christopher","m"
"Gabriel","m"
"Samuel","m"
"Lucas","m"
"John","m"
"Ryan","m"
"Dylan","m"
"Nathan","m"
"Isaac","m"
"Caleb","m"
"Carter","m"
"Christian","m"
"Luke","m"
"Jonathan","m"
"Landon","m"
"Owen","m"
"Jack","m"
"Wyatt","m"
"Henry","m"
"Hunter","m"
"Isaiah","m"
"Brayden","m"
"Gavin","m"
"Nicholas","m"
"Sebastian","m"
"Evan","m"
"Julian","m"
"Tyler","m"
"Aaron","m"
"Jordan","m"
"Eli","m"
"Oliver","m"
"Levi","m"
"Connor","m"
"Jeremiah","m"
"Cameron","m"
"Charles","m"
"Angel","m"
"Thomas","m"
"Adrian","m"
"Robert","m"
"Brandon","m"
"Austin","m"
"Jaxon","m"
"Kevin","m"
"Jose","m"
"Colton","m"
"Zachary","m"
"Josiah","m"
"Dominic","m"
"Chase","m"
"Ayden","m"
"Jason","m"
"Justin","m"
"Ian","m"
"Parker","m"
"Grayson","m"
"Adam","m"
"Blake","m"
"Xavier","m"
"Cooper","m"
"Bentley","m"
"Jace","m"
"Carson","m"
"Nolan","m"
"Nathaniel","m"
"Brody","m"
"Hudson","m"
"Tristan","m"
"Luis","m"
"Juan","m"
"Easton","m"
"Kayden","m"
"Carlos","m"
"Jaxson","m"
"Asher","m"
"Cole","m"
"Jesus","m"
"Ryder","m"
"Vincent","m"
"Alex","m"
"Micah","m"
"Max","m"
"Lincoln","m"
"Bryson","m"
"Damian","m"
"Diego","m"
"Eric","m"
"Hayden","m"
"Elias","m"
"Miles","m"
"Maxwell","m"
"Bryce","m"
"Giovanni","m"
"Leo","m"
"Mateo","m"
"Santiago","m"
"Camden","m"
"Bryan","m"
"Timothy","m"
"Antonio","m"
"Aidan","m"
"Jaden","m"
"Steven","m"
"Sawyer","m"
"Colin","m"
"Leonardo","m"
"Ivan","m"
"Ashton","m"
"Kaleb","m"
"Miguel","m"
"Richard","m"
"Braxton","m"
"Jonah","m"
"Kaden","m"
"Roman","m"
"Brian","m"
"Kyle","m"
"Riley","m"
"Alejandro","m"
"Victor","m"
"Preston","m"
"Joel","m"
"Kaiden","m"
"Wesley","m"
"Patrick","m"
"Jesse","m"
"Marcus","m"
"Declan","m"
"Edward","m"
"Axel","m"
"Sean","m"
"Ezra","m"
"Jake","m"
"Silas","m"
"George","m"
"Jeremy","m"
"Brady","m"
"Caden","m"
"Emmanuel","m"
"Jude","m"
"Grant","m"
"Alan","m"
"Greyson","m"
"Theodore","m"
"Harrison","m"
"Maddox","m"
"Weston","m"
"Malachi","m"
"Oscar","m"
"Cayden","m"
"Brantley","m"
"Bradley","m"
"Mark","m"
"Kenneth","m"
"Jayce","m"
"Nicolas","m"
"Emmett","m"
"Gage","m"
"Abraham","m"
"Ezekiel","m"
"Kai","m"
"Kingston","m"
"Abel","m"
"Jase","m"
"Tucker","m"
"Jameson","m"
"Devin","m"
"Paul","m"
"Derek","m"
"Rylan","m"
"Calvin","m"
"Peyton","m"
"Tanner","m"
"Avery","m"
"Everett","m"
"Bennett","m"
"Ryker","m"
"Sophia","f"
"Emma","f"
"Isabella","f"
"Olivia","f"
"Ava","f"
"Emily","f"
"Abigail","f"
"Mia","f"
"Madison","f"
"Elizabeth","f"
"Chloe","f"
"Ella","f"
"Avery","f"
"Charlotte","f"
"Sofia","f"
"Addison","f"
"Natalie","f"
"Amelia","f"
"Grace","f"
"Evelyn","f"
"Lily","f"
"Aubrey","f"
"Victoria","f"
"Harper","f"
"Lillian","f"
"Hannah","f"
"Zoey","f"
"Samantha","f"
"Brooklyn","f"
"Layla","f"
"Zoe","f"
"Leah","f"
"Anna","f"
"Hailey","f"
"Allison","f"
"Gabriella","f"
"Alexis","f"
"Audrey","f"
"Savannah","f"
"Kaylee","f"
"Sarah","f"
"Riley","f"
"Nevaeh","f"
"Aaliyah","f"
"Camila","f"
"Alyssa","f"
"Claire","f"
"Arianna","f"
"Scarlett","f"
"Alexa","f"
"Taylor","f"
"Ashley","f"
"Brianna","f"
"Peyton","f"
"Bella","f"
"Ariana","f"
"Kylie","f"
"Khloe","f"
"Serenity","f"
"Stella","f"
"Lucy","f"
"Maya","f"
"Sophie","f"
"Madelyn","f"
"Genesis","f"
"Julia","f"
"Aria","f"
"Mackenzie","f"
"Autumn","f"
"Katherine","f"
"Caroline","f"
"Ellie","f"
"Kennedy","f"
"Kayla","f"
"Sadie","f"
"Makayla","f"
"Violet","f"
"Lauren","f"
"Faith","f"
"Gianna","f"
"Penelope","f"
"Skylar","f"
"Eva","f"
"Alexandra","f"
"Melanie","f"
"Aubree","f"
"Nora","f"
"Naomi","f"
"Sydney","f"
"Madeline","f"
"Jasmine","f"
"Morgan","f"
"Kimberly","f"
"Annabelle","f"
"Lydia","f"
"Jocelyn","f"
"Piper","f"
"Bailey","f"
"Paisley","f"
"London","f"
"Trinity","f"
"Ruby","f"
"Andrea","f"
"Molly","f"
"Maria","f"
"Mila","f"
"Eleanor","f"
"Brooke","f"
"Reagan","f"
"Isabelle","f"
"Rylee","f"
"Payton","f"
"Natalia","f"
"Mariah","f"
"Mary","f"
"Paige","f"
"Lilly","f"
"Alice","f"
"Nicole","f"
"Destiny","f"
"Mya","f"
"Jade","f"
"Liliana","f"
"Jordyn","f"
"Vivian","f"
"Kaitlyn","f"
"Brielle","f"
"Kendall","f"
"Clara","f"
"Angelina","f"
"Hadley","f"
"Eliana","f"
"Rachel","f"
"Isabel","f"
"Valentina","f"
"Elena","f"
"Gabrielle","f"
"Vanessa","f"
"Cora","f"
"Hazel","f"
"Katelyn","f"
"Lyla","f"
"Aurora","f"
"Valeria","f"
"Jessica","f"
"Quinn","f"
"Sara","f"
"Amy","f"
"Delilah","f"
"Mckenzie","f"
"Brooklynn","f"
"Reese","f"
"Laila","f"
"Aliyah","f"
"Adriana","f"
"Gracie","f"
"Juliana","f"
"Josephine","f"
"Michelle","f"
"Willow","f"
"Rebecca","f"
"Eden","f"
"Makenzie","f"
"Ariel","f"
"Valerie","f"
"Elise","f"
"Kinsley","f"
"Stephanie","f"
"Kylee","f"
"Jennifer","f"
"Izabella","f"
"Jayla","f"
"Catherine","f"
"Ximena","f"
"Melody","f"
"Margaret","f"
"Ivy","f"
"Daisy","f"
"Alaina","f"
"Lila","f"
"Adalyn","f"
"Summer","f"
"Giselle","f"
"Luna","f"
"Julianna","f"
"Alana","f"
"Londyn","f"
"Hayden","f"
"Ryleigh","f"
"Daniela","f"
"Angela","f"
"Isla","f"
"Alivia","f"
"Adalynn","f"
"Emery","f"
"Melissa","f"
"Kate","f"
"Gabriela","f"
"Keira","f"
"Norah","f"
